{"default":{"identifier":"default","description":"Default permissions for the application","local":true,"windows":["main"],"permissions":["core:default","core:window:default","core:window:allow-set-title","core:window:allow-close","core:window:allow-minimize","core:window:allow-maximize","core:path:default","core:path:allow-join","core:path:allow-resolve","core:path:allow-resolve-directory","core:path:allow-basename","core:path:allow-dirname","core:event:default","dialog:default","dialog:allow-open","dialog:allow-save","dialog:allow-message","os:default","os:allow-platform","store:default"]}}