{
  "$schema": "https://schema.tauri.app/config/2",
  "productName": "CC Permission Manager",
  "version": "0.4.0",
  "identifier": "com.claudecode.permission-manager",
  "build": {
    "beforeDevCommand": "pnpm dev:renderer",
    "devUrl": "http://localhost:1420",
    "beforeBuildCommand": "pnpm build:renderer",
    "frontendDist": "../dist"
  },
  "app": {
    "windows": [
      {
        "title": "Claude Code Permission Manager",
        "width": 1200,
        "height": 800,
        "minWidth": 900,
        "minHeight": 600,
        "resizable": false,
        "fullscreen": false,
        "center": true,
        "label": "main"
      }
    ],
    "security": {
      "csp": "default-src 'self'; img-src 'self' data:; script-src 'self'; style-src 'self' 'unsafe-inline'; connect-src 'self' ipc: http://ipc.localhost https: http:; font-src 'self' data:",
      "capabilities": [
        "default"
      ]
    }
  },
  "bundle": {
    "active": true,
    "targets": "all",
    "icon": [
      "icons/32x32.png",
      "icons/128x128.png",
      "icons/128x128@2x.png",
      "icons/icon.icns",
      "icons/icon.ico"
    ],
    "resources": [
      "../public/**/*"
    ],
    "windows": {
      "nsis": {
        "languages": [
          "SimpChinese",
          "English"
        ],
        "displayLanguageSelector": true,
        "installerIcon": "icons/icon.ico",
        "installMode": "currentUser"
      }
    }
  }
}
