{
  "_comment": "{{comment}}",
  "_description": {
    "modes": "{{description.modes}}",
    "categories": "{{description.categories}}",
    "notifications": "{{description.notifications}}"
  },
  "language": "{{language}}",
  "modes": {
    "plan": {
      "read": 1,
      "readAllFiles": 0,
      "edit": 1,
      "editAllFiles": 0,
      "risky": 0,
      "riskyAllFiles": 0,
      "useWeb": 1,
      "useMcp": 1,
      "allowUnknownCommand": 0,
      "globalAllow": 1,
      "globalDeny": 1
    },
    "default": {
      "read": 1,
      "readAllFiles": 1,
      "edit": 0,
      "editAllFiles": 0,
      "risky": 0,
      "riskyAllFiles": 0,
      "useWeb": 1,
      "useMcp": 1,
      "allowUnknownCommand": 0,
      "globalAllow": 1,
      "globalDeny": 1
    },
    "acceptEdits": {
      "read": 1,
      "readAllFiles": 0,
      "edit": 1,
      "editAllFiles": 0,
      "risky": 0,
      "riskyAllFiles": 0,
      "useWeb": 1,
      "useMcp": 1,
      "allowUnknownCommand": 0,
      "globalAllow": 1,
      "globalDeny": 1
    }
  },
  "categories": {
    "read": {
      "tools": [
        "Read",
        "Glob",
        "Grep",
        "Bash",
        "TaskOutput",
        "TaskGet",
        "TaskList",
        "ListMcpResourcesTool",
        "ReadMcpResourceTool"
      ],
      "commands": [
        "cat",
        "cat *",
        "ls",
        "ls *",
        "head *",
        "tail *",
        "grep *",
        "find *",
        "git status",
        "git status*",
        "git log",
        "git log*",
        "git diff",
        "git diff*",
        "git show*",
        "git branch",
        "git branch*",
        "git remote",
        "git remote*",
        "git config --get*",
        "git ls-files*",
        "git blame*",
        "pwd",
        "cd *",
        "whoami",
        "which *",
        "tree *",
        "wc *",
        "du *",
        "df *",
        "ps *",
        "top*",
        "env",
        "printenv*",
        "test *",
        "file *",
        "stat *",
        "diff *",
        "sort *",
        "uniq *",
        "cut *",
        "awk *",
        "sed -n*",
        "jq *",
        "curl -s*",
        "wget --spider*",
        "ping -c*",
        "traceroute*",
        "nslookup*",
        "dig*",
        "netstat*",
        "lsof*",
        "docker ps*",
        "docker images*",
        "docker logs*",
        "docker inspect*",
        "kubectl get*",
        "kubectl describe*",
        "kubectl logs*",
        "npm list*",
        "npm view*",
        "npm outdated*",
        "npm audit*",
        "npm --version*",
        "pnpm list*",
        "pnpm outdated*",
        "pnpm dev*",
        "pnpm build*",
        "pnpm test*",
        "pnpm typecheck*",
        "pnpm run*",
        "pnpm exec*",
        "npm run*",
        "npm test*",
        "npm start*",
        "yarn run*",
        "yarn dev*",
        "yarn build*",
        "yarn test*",
        "yarn list*",
        "yarn outdated*",
        "pip list*",
        "pip show*",
        "poetry show*",
        "cargo search*",
        "go list*",
        "java -version*",
        "javac -version*",
        "ruby --version*",
        "php --version*",
        "python --version*",
        "node --version*",
        "rustc --version*",
        "gcc --version*",
        "clang --version*",
        "make --version*",
        "cmake --version*",
        "uname*",
        "hostname*",
        "uptime*",
        "date*",
        "cal*",
        "history*",
        "type*",
        "man *",
        "help *",
        "apropos*",
        "info*",
        "done",
        "dir *",
        "findstr*",
        "where *",
        "echo",
        "echo *",
        "python3 --version*",
        "python3 -c *",
        "python3 -m py_compile*",
        "node -e *",
        "node -v*",
        "gh pr list*",
        "gh pr view*",
        "gh pr status*",
        "gh issue list*",
        "gh issue view*",
        "gh repo view*",
        "gh api*",
        "cargo --version*",
        "cargo check*",
        "go version*",
        "tsc --version*",
        "tsc --noEmit*",
        "eslint --version*",
        "prettier --version*",
        "less *",
        "more *",
        "xxd *",
        "hexdump *",
        "md5 *",
        "md5sum *",
        "sha256sum *",
        "shasum *",
        "id",
        "id *",
        "groups",
        "groups *"
      ]
    },
    "edit": {
      "tools": [
        "Edit",
        "Write",
        "NotebookEdit",
        "TaskCreate",
        "TaskUpdate"
      ],
      "commands": [
        "echo * >*",
        "echo * >>*",
        "cat * >*",
        "cat * >>*",
        "mkdir *",
        "touch *",
        "mv *",
        "cp *",
        "git add*",
        "git commit*",
        "git stash*",
        "git branch -d *",
        "npm install*",
        "pnpm install*",
        "pnpm add*",
        "yarn install*",
        "yarn add*",
        "pip install*",
        "poetry add*",
        "poetry install*",
        "cargo add*",
        "cargo build*",
        "go get*",
        "go mod*",
        "sed -i*",
        "tee *",
        "ln *",
        "ln -s*"
      ]
    },
    "risky": {
      "tools": [],
      "commands": [
        "rm *",
        "*rm *",
        "rmdir *",
        "*rmdir *",
        "find * -delete*",
        "*find * -delete*",
        "chmod *",
        "*chmod *",
        "chown *",
        "*chown *",
        "git push*",
        "*git push*",
        "git pull*",
        "*git pull*",
        "git reset*",
        "*git reset*",
        "git rebase*",
        "*git rebase*",
        "git merge*",
        "*git merge*",
        "git checkout*",
        "*git checkout*",
        "git clean*",
        "*git clean*",
        "git stash drop*",
        "*git stash drop*",
        "git branch -D*",
        "*git branch -D*",
        "npm uninstall*",
        "*npm uninstall*",
        "pnpm uninstall*",
        "*pnpm uninstall*",
        "pnpm remove*",
        "*pnpm remove*",
        "yarn remove*",
        "*yarn remove*",
        "pip uninstall*",
        "*pip uninstall*",
        "cargo remove*",
        "*cargo remove*",
        "docker rm*",
        "*docker rm*",
        "docker rmi*",
        "*docker rmi*",
        "docker stop*",
        "*docker stop*",
        "docker kill*",
        "*docker kill*",
        "kubectl delete*",
        "*kubectl delete*",
        "kill *",
        "*kill *",
        "killall *",
        "*killall *",
        "pkill *",
        "*pkill *",
        "sudo *",
        "*sudo *"
      ]
    },
    "useWeb": {
      "tools": [
        "WebFetch",
        "WebSearch"
      ],
      "commands": [
        "curl *",
        "wget *"
      ]
    },
    "useMcp": {
      "tools": [
        "mcp__*"
      ],
      "commands": []
    },
    "globalAllow": {
      "tools": [
        "Task",
        "TaskGet",
        "TaskList",
        "TaskOutput",
        "TaskUpdate",
        "TaskCreate",
        "TaskStop",
        "AskUserQuestion",
        "EnterPlanMode",
        "ExitPlanMode",
        "Skill"
      ],
      "commands": []
    },
    "globalDeny": {
      "tools": [],
      "commands": [
        "git push --force*",
        "git push -f*",
        "rm -rf /*",
        "rm -rf /etc*",
        "rm -rf /usr*",
        "rm -rf /var*",
        "rm -rf /home*",
        "rm -rf /root*",
        "rm -rf ~*",
        "rm -rf $HOME*",
        "chmod -R 777 /*",
        "chmod -R 777 ~*",
        "mkfs*",
        "dd if=*",
        "> /dev/sd*",
        "> /dev/nvme*",
        ":(){ :|:& };:*",
        "fork bomb*",
        "shutdown*",
        "reboot*",
        "init 0*",
        "init 6*",
        "halt*",
        "poweroff*"
      ]
    }
  },
  "notifications": {
    "_soundOptions": {
      "macOS": [
        "Basso",
        "Blow",
        "Bottle",
        "Frog",
        "Funk",
        "Glass",
        "Hero",
        "Morse",
        "Ping",
        "Pop",
        "Purr",
        "Sosumi",
        "Submarine",
        "Tink"
      ],
      "windows": [
        "tada",
        "chimes",
        "chord",
        "ding",
        "notify",
        "recycle",
        "ringout"
      ]
    },
    "enabled": 1,
    "onCompletion": {
      "enabled": 1,
      "title": "{{notifications.onCompletion.title}}",
      "message": "{{notifications.onCompletion.message}}",
      "sound": "Glass",
      "soundWindows": "Tada"
    },
    "onPermissionRequest": {
      "enabled": 1,
      "title": "{{notifications.onPermissionRequest.title}}",
      "message": "{{notifications.onPermissionRequest.message}}",
      "sound": "Submarine",
      "soundWindows": "Notify"
    }
  }
}
